FILE_NAME,ERROR_COUNT,FATAL_COUNT,STATUS
simv15.log,0,0,PASS
simv29.log,0,1,FAIL
simv28.log,0,1,FAIL
simv14.log,0,0,PASS
simv16.log,0,0,PASS
simv17.log,0,6,FAIL
simv13.log,0,0,PASS
simv12.log,0,4,FAIL
simv38.log,0,0,PASS
simv10.log,0,1,FAIL
simv11.log,0,0,PASS
simv39.log,0,0,PASS
simv49.log,0,0,PASS
simv8.log,0,0,PASS
simv9.log,0,0,PASS
simv48.log,0,0,PASS
simv43.log,0,8,FAIL
simv2.log,0,0,PASS
simv3.log,2,0,FAIL
simv42.log,0,0,PASS
simv40.log,1,2,FAIL
simv1.log,5,10,FAIL
simv41.log,2,0,FAIL
simv45.log,7,5,FAIL
simv4.log,0,0,PASS
simv5.log,0,0,PASS
simv50.log,0,0,PASS
simv44.log,0,7,FAIL
simv46.log,0,5,FAIL
simv7.log,0,20,FAIL
simv6.log,0,1,FAIL
simv47.log,0,0,PASS
simv34.log,2,0,FAIL
simv20.log,0,20,FAIL
simv21.log,0,20,FAIL
simv35.log,2,0,FAIL
simv23.log,0,20,FAIL
simv37.log,5,3,FAIL
simv36.log,2,0,FAIL
simv22.log,0,0,PASS
simv26.log,0,0,PASS
simv32.log,10,0,FAIL
simv33.log,0,0,PASS
simv27.log,0,1,FAIL
simv19.log,0,0,PASS
simv31.log,0,5,FAIL
simv25.log,0,0,PASS
simv24.log,0,20,FAIL
simv30.log,0,0,PASS
simv18.log,5,3,FAIL
